Year,Present_Price,Driven_kms,Owner,Age,Fuel_Type_Diesel,Fuel_Type_Petrol,Selling_type_Individual,Transmission_Manual,Brand_ACTIVA,Brand_ALTO,Brand_AMAZE,Brand_BAJAJ,Brand_BALENO,Brand_BRIO,Brand_CAMRY,Brand_CIAZ,Brand_CITY,Brand_COROLLA,Brand_CRETA,Brand_DZIRE,Brand_ELANTRA,Brand_EON,Brand_ERTIGA,Brand_ETIOS,Brand_FORTUNER,Brand_GRAND,Brand_HERO,Brand_HONDA,Brand_HYOSUNG,Brand_I10,Brand_I20,Brand_IGNIS,Brand_INNOVA,Brand_JAZZ,Brand_KTM,Brand_LAND,Brand_MAHINDRA,Brand_OMNI,Brand_RITZ,Brand_ROYAL,Brand_S,Brand_SUZUKI,Brand_SWIFT,Brand_SX4,Brand_TVS,Brand_UM,Brand_VERNA,Brand_VITARA,Brand_WAGON,Brand_XCENT,Brand_YAMAHA
0.4787711122389453,0.06769920096563026,-0.46523264739322295,-0.17510104899311876,-0.4787711122389153,False,True,False,True,False,False,False,False,False,False,False,True,False,False,False,False,False,False,False,False,False,False,False,False,False,False,False,False,False,False,False,False,False,False,False,False,False,False,False,False,False,False,False,False,False,False,False
-1.9416828440800142,-0.8139664486731825,-0.8990209686414108,-0.17510104899311876,1.9416828440800447,False,True,True,False,False,False,False,False,False,False,False,False,False,False,False,False,False,False,False,False,False,False,False,False,False,False,False,False,False,False,False,False,False,False,False,False,False,True,False,False,False,False,False,False,False,False,False
-0.21278716099504313,-0.8221516735372033,-0.12623282531929592,-0.17510104899311876,0.21278716099507328,False,True,True,True,False,False,False,False,False,False,False,False,False,False,False,False,False,False,False,False,False,False,False,True,False,False,False,False,False,False,False,False,False,False,False,False,False,False,False,False,False,False,False,False,False,False,False
-1.2501245708460258,-0.7718710065153612,0.20752949571683343,-0.17510104899311876,1.2501245708460562,False,True,True,True,False,False,False,True,False,False,False,False,False,False,False,False,False,False,False,False,False,False,False,False,False,False,False,False,False,False,False,False,False,False,False,False,False,False,False,False,False,False,False,False,False,False,False
-0.9043454342290316,-0.30999046061704416,0.4437305229116327,-0.17510104899311876,0.9043454342290619,False,True,False,True,False,False,False,False,False,False,False,False,False,False,False,False,False,False,False,False,False,False,False,False,False,False,False,False,False,False,False,False,False,False,True,False,False,False,False,False,False,False,False,False,False,False,False
0.1329919756219511,-0.47720291141061205,0.21471822263145776,-0.17510104899311876,-0.13299197562192103,False,True,False,True,False,True,False,False,False,False,False,False,False,False,False,False,False,False,False,False,False,False,False,False,False,False,False,False,False,False,False,False,False,False,False,False,False,False,False,False,False,False,False,False,False,False,False
0.8245502488559395,0.7084853760346879,0.3246543963758197,-0.17510104899311876,-0.8245502488559096,False,True,False,True,False,False,False,False,False,False,False,False,True,False,False,False,False,False,False,False,False,False,False,False,False,False,False,False,False,False,False,False,False,False,False,False,False,False,False,False,False,False,False,False,False,False,False
-1.2501245708460258,1.2861283878670136,0.3358996191922678,-0.17510104899311876,1.2501245708460562,False,True,False,True,False,False,False,False,False,False,False,False,False,True,False,False,False,False,False,False,False,False,False,False,False,False,False,False,False,False,False,False,False,False,False,False,False,False,False,False,False,False,False,False,False,False,False
-0.5585662976120374,-0.363779081152038,-0.3390961640662612,-0.17510104899311876,0.5585662976120676,False,True,False,True,False,False,False,False,False,False,False,False,False,False,False,False,False,True,False,False,False,False,False,False,False,False,False,False,False,False,False,False,False,False,False,False,False,False,False,False,False,False,False,False,False,False,False
0.4787711122389453,-0.004798504972839667,0.18185547102174657,-0.17510104899311876,-0.4787711122389153,False,True,False,False,False,False,True,False,False,False,False,False,False,False,False,False,False,False,False,False,False,False,False,False,False,False,False,False,False,False,False,False,False,False,False,False,False,False,False,False,False,False,False,False,False,False,False
1.1703293854729337,-0.780056231379382,-0.8707795414768152,-0.17510104899311876,-1.1703293854729038,False,True,True,True,False,False,False,False,False,False,False,False,False,False,False,False,False,False,False,False,False,False,False,True,False,False,False,False,False,False,False,False,False,False,False,False,False,False,False,False,False,False,False,False,False,False,False
-0.21278716099504313,0.21737188419343947,0.20752949571683343,-0.17510104899311876,0.21278716099507328,True,False,False,True,False,False,False,False,False,False,False,False,False,False,False,False,False,False,False,False,False,False,False,False,False,False,False,False,False,False,False,False,False,False,False,False,False,False,False,False,False,False,True,False,False,False,False
0.8245502488559395,0.11213327879888617,-0.5611764776787627,-0.17510104899311876,-0.8245502488559096,False,True,False,False,False,False,False,False,False,False,False,False,False,False,False,False,False,False,False,False,False,False,False,False,False,False,False,False,False,True,False,False,False,False,False,False,False,False,False,False,False,False,False,False,False,False,False
0.4787711122389453,0.7084853760346879,0.08747775624260722,-0.17510104899311876,-0.4787711122389153,False,True,False,True,False,False,False,False,False,False,False,False,True,False,False,False,False,False,False,False,False,False,False,False,False,False,False,False,False,False,False,False,False,False,False,False,False,False,False,False,False,False,False,False,False,False,False
-0.9043454342290316,-0.7707016886776439,-0.3316250228799909,-0.17510104899311876,0.9043454342290619,False,True,True,True,False,False,False,True,False,False,False,False,False,False,False,False,False,False,False,False,False,False,False,False,False,False,False,False,False,False,False,False,False,False,False,False,False,False,False,False,False,False,False,False,False,False,False
-0.9043454342290316,-0.363779081152038,0.515617792057876,-0.17510104899311876,0.9043454342290619,False,True,False,True,False,False,False,False,False,False,False,False,False,False,False,False,False,False,False,False,False,False,False,False,False,True,False,False,False,False,False,False,False,False,False,False,False,False,False,False,False,False,False,False,False,False,False
-0.5585662976120374,2.6974950179917445,1.337186582300656,-0.17510104899311876,0.5585662976120676,True,False,False,False,False,False,False,False,False,False,False,False,False,False,False,False,False,False,False,False,True,False,False,False,False,False,False,False,False,False,False,False,False,False,False,False,False,False,False,False,False,False,False,False,False,False,False
-1.2501245708460258,1.5094680948710097,0.5669658414480496,-0.17510104899311876,1.2501245708460562,True,False,False,True,False,False,False,False,False,False,False,False,False,False,False,False,False,False,False,False,True,False,False,False,False,False,False,False,False,False,False,False,False,False,False,False,False,False,False,False,False,False,False,False,False,False,False
-1.59590370746302,0.4044627382282008,1.3098180719756933,-0.17510104899311876,1.5959037074630504,False,True,False,True,False,False,False,False,False,False,False,False,True,False,False,False,False,False,False,False,False,False,False,False,False,False,False,False,False,False,False,False,False,False,False,False,False,False,False,False,False,False,False,False,False,False,False
-1.9416828440800142,-0.7897615694324353,0.3358996191922678,-0.17510104899311876,1.9416828440800447,False,True,True,True,False,False,False,False,False,False,False,False,False,False,False,False,False,False,False,False,False,False,True,False,False,False,False,False,False,False,False,False,False,False,False,False,False,False,False,False,False,False,False,False,False,False,False
-0.21278716099504313,-0.8268289448880723,-0.40864709696525153,-0.17510104899311876,0.21278716099507328,False,True,True,True,False,False,False,True,False,False,False,False,False,False,False,False,False,False,False,False,False,False,False,False,False,False,False,False,False,False,False,False,False,False,False,False,False,False,False,False,False,False,False,False,False,False,False
0.8245502488559395,-0.41990633736246635,-0.305950998184904,-0.17510104899311876,-0.8245502488559096,False,True,False,True,False,True,False,False,False,False,False,False,False,False,False,False,False,False,False,False,False,False,False,False,False,False,False,False,False,False,False,False,False,False,False,False,False,False,False,False,False,False,False,False,False,False,False
0.1329919756219511,-0.806950541646879,-0.5960674772393857,-0.17510104899311876,-0.13299197562192103,False,True,True,True,False,False,False,True,False,False,False,False,False,False,False,False,False,False,False,False,False,False,False,False,False,False,False,False,False,False,False,False,False,False,False,False,False,False,False,False,False,False,False,False,False,False,False
0.8245502488559395,0.8593273771002143,-0.35729904757507774,-0.17510104899311876,-0.8245502488559096,True,False,False,True,False,False,False,False,False,False,False,False,False,True,False,False,False,False,False,False,False,False,False,False,False,False,False,False,False,False,False,False,False,False,False,False,False,False,False,False,False,False,False,False,False,False,False
0.1329919756219511,0.9996455176262853,0.5475049307291738,-0.17510104899311876,-0.13299197562192103,True,False,False,True,False,False,False,False,False,False,False,False,False,False,False,False,False,False,False,False,False,False,False,False,False,False,False,False,True,False,False,False,False,False,False,False,False,False,False,False,False,False,False,False,False,False,False
1.1703293854729337,-0.7870721384056855,-0.6448481241600508,-0.17510104899311876,-1.1703293854729038,False,True,True,True,False,False,False,False,False,False,False,False,False,False,False,False,False,False,False,False,False,False,False,False,False,False,False,False,False,False,False,False,False,False,False,False,False,False,False,False,True,False,False,False,False,False,False
-0.9043454342290316,-0.21410639792422892,0.15618144632665967,-0.17510104899311876,0.9043454342290619,False,True,False,True,False,False,False,False,False,False,False,False,False,False,False,False,False,False,False,True,False,False,False,False,False,False,False,False,False,False,False,False,False,False,False,False,False,False,False,False,False,False,False,False,False,False,False
0.8245502488559395,0.37990706363613824,0.15618144632665967,-0.17510104899311876,-0.8245502488559096,True,False,False,True,False,False,False,False,False,False,False,False,False,False,False,False,False,False,True,False,False,False,False,False,False,False,False,False,False,False,False,False,False,False,False,False,False,False,False,False,False,False,False,False,False,False,False
1.1703293854729337,-0.4608324616825704,-0.8929875728380654,-0.17510104899311876,-1.1703293854729038,False,True,False,True,False,True,False,False,False,False,False,False,False,False,False,False,False,False,False,False,False,False,False,False,False,False,False,False,False,False,False,False,False,False,False,False,False,False,False,False,False,False,False,False,False,False,False
1.1703293854729337,-0.8221516735372033,-0.8451055167817283,-0.17510104899311876,-1.1703293854729038,False,True,True,False,False,False,False,False,False,False,False,False,False,False,False,False,False,False,False,False,False,False,False,True,False,False,False,False,False,False,False,False,False,False,False,False,False,False,False,False,False,False,False,False,False,False,False
0.4787711122389453,-0.21527571576194615,-0.314218034136722,-0.17510104899311876,-0.4787711122389153,False,True,False,True,False,False,False,False,False,False,False,False,False,False,False,False,False,False,False,False,False,True,False,False,False,False,False,False,False,False,False,False,False,False,False,False,False,False,False,False,False,False,False,False,False,False,False
0.8245502488559395,1.5632567154060037,-0.6397133192210334,-0.17510104899311876,-0.8245502488559096,False,True,False,True,False,False,False,False,False,False,False,False,False,True,False,False,False,False,False,False,False,False,False,False,False,False,False,False,False,False,False,False,False,False,False,False,False,False,False,False,False,False,False,False,False,False,False
-0.21278716099504313,0.21737188419343947,-0.018453269649321223,-0.17510104899311876,0.21278716099507328,False,True,False,False,False,False,False,False,False,False,False,False,False,False,False,False,False,False,False,False,False,False,False,False,False,False,False,False,False,False,False,False,False,False,False,False,False,False,False,False,False,False,True,False,False,False,False
0.8245502488559395,-0.4421233762790943,-0.6890331206602952,-0.17510104899311876,-0.8245502488559096,False,True,False,True,False,True,False,False,False,False,False,False,False,False,False,False,False,False,False,False,False,False,False,False,False,False,False,False,False,False,False,False,False,False,False,False,False,False,False,False,False,False,False,False,False,False,False
0.4787711122389453,0.37990706363613824,0.12224038567975484,-0.17510104899311876,-0.4787711122389153,True,False,False,True,False,False,False,False,False,False,False,False,False,False,False,False,False,False,True,False,False,False,False,False,False,False,False,False,False,False,False,False,False,False,False,False,False,False,False,False,False,False,False,False,False,False,False
-0.9043454342290316,-0.7063892076031947,-0.7706508451659764,-0.17510104899311876,0.9043454342290619,False,True,True,True,False,False,False,False,False,False,False,False,False,False,False,False,False,False,False,False,False,False,False,False,False,False,False,False,False,False,False,False,False,False,False,True,False,False,False,False,False,False,False,False,False,False,False
-0.9043454342290316,0.2875309544564749,0.832460930819943,-0.17510104899311876,0.9043454342290619,False,True,False,True,False,False,False,False,False,False,False,False,True,False,False,False,False,False,False,False,False,False,False,False,False,False,False,False,False,False,False,False,False,False,False,False,False,False,False,False,False,False,False,False,False,False,False
-1.59590370746302,0.2875309544564749,0.8381348902775572,-0.17510104899311876,1.5959037074630504,False,True,False,True,False,False,False,False,False,False,False,False,True,False,False,False,False,False,False,False,False,False,False,False,False,False,False,False,False,False,False,False,False,False,False,False,False,False,False,False,False,False,False,False,False,False,False
-0.9043454342290316,0.7248558257627296,1.311512557605569,-0.17510104899311876,0.9043454342290619,False,True,False,True,False,False,False,False,False,False,False,False,False,True,False,False,False,False,False,False,False,False,False,False,False,False,False,False,False,False,False,False,False,False,False,False,False,False,False,False,False,False,False,False,False,False,False
1.1703293854729337,-0.6946960292260221,-0.9169927859279716,-0.17510104899311876,-1.1703293854729038,False,True,True,True,False,False,False,True,False,False,False,False,False,False,False,False,False,False,False,False,False,False,False,False,False,False,False,False,False,False,False,False,False,False,False,False,False,False,False,False,False,False,False,False,False,False,False
0.1329919756219511,-0.09132802496391682,0.8750541377890921,-0.17510104899311876,-0.13299197562192103,True,False,False,True,False,False,False,False,False,False,False,False,False,False,False,False,False,False,False,True,False,False,False,False,False,False,False,False,False,False,False,False,False,False,False,False,False,False,False,False,False,False,False,False,False,False,False
0.1329919756219511,-0.0059678228105569005,0.05348534754631219,-0.17510104899311876,-0.13299197562192103,True,False,False,True,False,False,False,False,False,False,False,False,False,False,False,False,False,False,False,False,False,False,False,False,False,False,False,False,False,False,False,False,False,False,False,False,False,False,True,False,False,False,False,False,False,False,False
0.4787711122389453,-0.7975959989451409,0.043215737668277444,-0.17510104899311876,-0.4787711122389153,False,True,True,True,False,False,False,False,False,False,False,False,False,False,False,False,False,False,False,False,False,False,False,True,False,False,False,False,False,False,False,False,False,False,False,False,False,False,False,False,False,False,False,False,False,False,False
-0.9043454342290316,-0.7852012298653379,-0.7937574673915546,-0.17510104899311876,0.9043454342290619,False,True,True,True,False,False,False,False,False,False,False,False,False,False,False,False,False,False,False,False,False,False,False,False,False,False,False,False,False,False,False,False,False,False,False,False,False,False,False,False,True,False,False,False,False,False,False
-0.9043454342290316,-0.3439006779108446,-0.36969960150280473,-0.17510104899311876,0.9043454342290619,False,True,False,True,False,False,False,False,False,False,False,False,False,False,False,False,False,False,False,False,False,False,False,False,False,True,False,False,False,False,False,False,False,False,False,False,False,False,False,False,False,False,False,False,False,False,False
-0.21278716099504313,-0.7098971611163465,-0.10055880062420904,-0.17510104899311876,0.21278716099507328,False,True,True,True,False,False,False,False,False,False,False,False,False,False,False,False,False,False,False,False,False,False,False,False,False,False,False,False,False,False,False,False,False,False,False,True,False,False,False,False,False,False,False,False,False,False,False
-1.2501245708460258,0.05132875123758879,0.11618131585171435,-0.17510104899311876,1.2501245708460562,False,True,False,True,False,False,False,False,False,False,False,False,False,False,False,False,False,False,False,False,False,False,False,False,False,False,False,False,False,False,False,False,False,False,False,False,False,False,False,True,False,False,False,False,False,False,False
0.8245502488559395,-0.825659627050355,0.3358996191922678,-0.17510104899311876,-0.8245502488559096,False,True,True,True,False,False,False,False,False,False,False,False,False,False,False,False,False,False,False,False,False,False,True,False,False,False,False,False,False,False,False,False,False,False,False,False,False,False,False,False,False,False,False,False,False,False,False
-0.21278716099504313,1.2943136127310344,0.20752949571683343,-0.17510104899311876,0.21278716099507328,False,True,False,True,False,False,False,False,False,False,False,False,False,True,False,False,False,False,False,False,False,False,False,False,False,False,False,False,False,False,False,False,False,False,False,False,False,False,False,False,False,False,False,False,False,False,False
0.1329919756219511,-0.7870721384056855,0.1305074216315728,-0.17510104899311876,-0.13299197562192103,False,True,True,True,False,False,False,False,False,False,False,False,False,False,False,False,False,False,False,False,False,False,False,False,False,False,False,False,False,False,False,False,False,False,False,False,False,False,False,False,True,False,False,False,False,False,False
-1.2501245708460258,0.2758377760793024,0.027811322851225322,-0.17510104899311876,1.2501245708460562,False,True,False,True,False,False,False,False,False,False,False,False,True,False,False,False,False,False,False,False,False,False,False,False,False,False,False,False,False,False,False,False,False,False,False,False,False,False,False,False,False,False,False,False,False,False,False
-0.5585662976120374,0.7248558257627296,0.48994376736278905,-0.17510104899311876,0.5585662976120676,False,True,False,True,False,False,False,False,False,False,False,False,False,True,False,False,False,False,False,False,False,False,False,False,False,False,False,False,False,False,False,False,False,False,False,False,False,False,False,False,False,False,False,False,False,False,False
-0.21278716099504313,-0.3439006779108446,-0.17758087470946965,-0.17510104899311876,0.21278716099507328,False,True,False,True,False,False,False,False,False,False,False,False,False,False,False,False,False,False,False,False,False,False,False,False,False,True,False,False,False,False,False,False,False,False,False,False,False,False,False,False,False,False,False,False,False,False,False
-0.5585662976120374,-0.7870721384056855,-0.45999514635542527,-0.17510104899311876,0.5585662976120676,False,True,True,True,False,False,False,False,False,False,False,False,False,False,False,False,False,False,False,False,False,False,False,False,False,False,False,False,False,False,False,False,False,False,False,False,False,False,False,False,True,False,False,False,False,False,False
-0.21278716099504313,-0.21527571576194615,0.4129216932775284,-0.17510104899311876,0.21278716099507328,True,False,False,True,False,False,False,False,False,False,False,False,False,False,False,False,False,False,False,False,False,True,False,False,False,False,False,False,False,False,False,False,False,False,False,False,False,False,False,False,False,False,False,False,False,False,False
1.1703293854729337,-0.7707016886776439,-0.9144253834584629,-0.17510104899311876,-1.1703293854729038,False,True,True,True,False,False,False,True,False,False,False,False,False,False,False,False,False,False,False,False,False,False,False,False,False,False,False,False,False,False,False,False,False,False,False,False,False,False,False,False,False,False,False,False,False,False,False
0.8245502488559395,-0.7882414562434028,-0.43432112166033837,-0.17510104899311876,-0.8245502488559096,False,True,True,True,False,False,False,True,False,False,False,False,False,False,False,False,False,False,False,False,False,False,False,False,False,False,False,False,False,False,False,False,False,False,False,False,False,False,False,False,False,False,False,False,False,False,False
0.1329919756219511,-0.7788869135416647,-0.7424094180013808,-0.17510104899311876,-0.13299197562192103,False,True,True,True,False,False,False,False,False,False,False,False,False,False,False,False,False,False,False,False,False,False,False,False,False,False,False,False,False,False,False,False,False,False,False,False,False,False,False,False,False,False,False,False,False,False,True
1.1703293854729337,-0.04806326496837824,-0.6274154613920867,-0.17510104899311876,-1.1703293854729038,False,True,False,True,False,False,False,False,False,False,False,False,False,False,False,False,False,False,False,False,False,False,False,False,False,False,False,False,False,False,False,False,False,False,False,False,False,False,False,False,False,False,False,False,False,True,False
0.4787711122389453,-0.03169281524033666,0.09286930142857545,-0.17510104899311876,-0.4787711122389153,False,True,False,True,False,False,False,False,False,False,False,False,False,False,False,False,False,False,False,True,False,False,False,False,False,False,False,False,False,False,False,False,False,False,False,False,False,False,False,False,False,False,False,False,False,False,False
0.4787711122389453,-0.21527571576194615,-0.8324738966317456,-0.17510104899311876,-0.4787711122389153,False,True,False,True,False,False,False,False,False,False,False,False,False,False,False,False,False,False,False,False,False,True,False,False,False,False,False,False,False,False,False,False,False,False,False,False,False,False,False,False,False,False,False,False,False,False,False
-1.9416828440800142,-0.7940880454319891,-0.28027697348981717,3.8522230778486133,1.9416828440800447,False,True,True,True,False,False,False,True,False,False,False,False,False,False,False,False,False,False,False,False,False,False,False,False,False,False,False,False,False,False,False,False,False,False,False,False,False,False,False,False,False,False,False,False,False,False,False
-0.21278716099504313,-0.8139664486731825,-0.17758087470946965,-0.17510104899311876,0.21278716099507328,False,True,True,True,False,False,False,False,False,False,False,False,False,False,False,False,False,False,False,False,False,False,False,True,False,False,False,False,False,False,False,False,False,False,False,False,False,False,False,False,False,False,False,False,False,False,False
0.4787711122389453,-0.7707016886776439,-0.5216128056236338,-0.17510104899311876,-0.4787711122389153,False,True,True,True,False,False,False,True,False,False,False,False,False,False,False,False,False,False,False,False,False,False,False,False,False,False,False,False,False,False,False,False,False,False,False,False,False,False,False,False,False,False,False,False,False,False,False
0.1329919756219511,0.2758377760793024,0.28455156980209406,-0.17510104899311876,-0.13299197562192103,True,False,False,True,False,False,False,False,False,False,False,False,True,False,False,False,False,False,False,False,False,False,False,False,False,False,False,False,False,False,False,False,False,False,False,False,False,False,False,False,False,False,False,False,False,False,False
-3.6705785271649853,0.05132875123758879,0.6439879155333103,-0.17510104899311876,3.670578527165016,False,True,False,True,False,False,False,False,False,False,False,False,False,False,False,False,False,False,False,False,False,False,False,False,False,False,False,False,False,False,False,False,False,False,False,False,False,False,False,True,False,False,False,False,False,False,False
0.8245502488559395,-0.7882414562434028,-0.7680834426964678,-0.17510104899311876,-0.8245502488559096,False,True,True,True,False,False,False,True,False,False,False,False,False,False,False,False,False,False,False,False,False,False,False,False,False,False,False,False,False,False,False,False,False,False,False,False,False,False,False,False,False,False,False,False,False,False,False
0.4787711122389453,-0.8443687124538312,-0.049210751234035295,-0.17510104899311876,-0.4787711122389153,False,True,True,True,False,False,False,True,False,False,False,False,False,False,False,False,False,False,False,False,False,False,False,False,False,False,False,False,False,False,False,False,False,False,False,False,False,False,False,False,False,False,False,False,False,False,False
0.4787711122389453,-0.8186437200240515,-0.5883652698308596,-0.17510104899311876,-0.4787711122389153,False,True,True,True,False,False,False,False,False,False,False,False,False,False,False,False,False,False,False,False,False,False,True,False,False,False,False,False,False,False,False,False,False,False,False,False,False,False,False,False,False,False,False,False,False,False,False
0.8245502488559395,-0.21527571576194615,-0.8581222473021374,3.8522230778486133,-0.8245502488559096,False,True,False,True,False,False,False,False,False,False,False,False,False,False,False,False,False,False,False,False,False,True,False,False,False,False,False,False,False,False,False,False,False,False,False,False,False,False,False,False,False,False,False,False,False,False,False
0.4787711122389453,-0.7098971611163465,-0.511343195745599,-0.17510104899311876,-0.4787711122389153,False,True,True,True,False,False,False,False,False,False,False,False,False,False,False,False,False,False,False,False,False,False,False,False,False,False,False,False,False,False,False,False,False,False,False,True,False,False,False,False,False,False,False,False,False,False,False
0.1329919756219511,-0.06326439685870258,-0.049210751234035295,-0.17510104899311876,-0.13299197562192103,False,True,False,True,False,False,True,False,False,False,False,False,False,False,False,False,False,False,False,False,False,False,False,False,False,False,False,False,False,False,False,False,False,False,False,False,False,False,False,False,False,False,False,False,False,False,False
-0.21278716099504313,-0.6596164940945043,-0.8091618822086067,-0.17510104899311876,0.21278716099507328,False,True,True,True,False,False,False,False,False,False,False,False,False,False,False,False,False,False,False,False,False,False,False,False,False,False,False,False,False,False,False,False,False,False,False,True,False,False,False,False,False,False,False,False,False,False,False
-0.21278716099504313,-0.19188935900760096,-0.6961961735502245,-0.17510104899311876,0.21278716099507328,False,True,False,True,False,False,False,False,False,True,False,False,False,False,False,False,False,False,False,False,False,False,False,False,False,False,False,False,False,False,False,False,False,False,False,False,False,False,False,False,False,False,False,False,False,False,False
0.8245502488559395,0.7084853760346879,-0.15824833411406924,-0.17510104899311876,-0.8245502488559096,False,True,False,False,False,False,False,False,False,False,False,False,True,False,False,False,False,False,False,False,False,False,False,False,False,False,False,False,False,False,False,False,False,False,False,False,False,False,False,False,False,False,False,False,False,False,False
0.4787711122389453,0.21737188419343947,0.6280956942470515,-0.17510104899311876,-0.4787711122389153,True,False,False,True,False,False,False,False,False,False,False,False,False,False,False,False,False,False,False,False,False,False,False,False,False,False,False,False,False,False,False,False,False,False,False,False,False,False,False,False,False,False,True,False,False,False,False
0.1329919756219511,-0.8209823556994861,-0.45999514635542527,-0.17510104899311876,-0.13299197562192103,False,True,True,False,False,False,False,False,False,False,False,False,False,False,False,False,False,False,False,False,False,False,False,False,False,False,False,False,False,False,False,False,False,False,False,False,False,False,False,False,True,False,False,False,False,False,False
1.1703293854729337,0.269991186890716,-0.7706508451659764,-0.17510104899311876,-1.1703293854729038,False,True,False,True,False,False,False,False,False,False,False,True,False,False,False,False,False,False,False,False,False,False,False,False,False,False,False,False,False,False,False,False,False,False,False,False,False,False,False,False,False,False,False,False,False,False,False
0.4787711122389453,-0.6596164940945043,-0.5883652698308596,-0.17510104899311876,-0.4787711122389153,False,True,True,True,False,False,False,False,False,False,False,False,False,False,False,False,False,False,False,False,False,False,False,False,False,False,False,False,False,False,False,False,False,False,False,True,False,False,False,False,False,False,False,False,False,False,False
-1.2501245708460258,-0.7590085103004713,4.520765644491428,-0.17510104899311876,1.2501245708460562,False,True,True,True,False,False,False,False,False,False,False,False,False,False,False,False,False,False,False,False,False,False,False,True,False,False,False,False,False,False,False,False,False,False,False,False,False,False,False,False,False,False,False,False,False,False,False
0.8245502488559395,-0.8151357665108997,-0.3316250228799909,-0.17510104899311876,-0.8245502488559096,False,True,True,False,False,False,False,False,False,False,False,False,False,False,False,False,False,False,False,False,False,False,False,True,False,False,False,False,False,False,False,False,False,False,False,False,False,False,False,False,False,False,False,False,False,False,False
0.8245502488559395,-0.7449766962478642,-0.7937574673915546,-0.17510104899311876,-0.8245502488559096,False,True,True,True,False,False,False,False,False,False,False,False,False,False,False,False,False,False,False,False,False,False,False,False,False,False,False,False,False,False,False,False,False,False,False,True,False,False,False,False,False,False,False,False,False,False,False
-0.5585662976120374,-0.3439006779108446,-0.02931338209534297,-0.17510104899311876,0.5585662976120676,False,True,False,True,False,False,False,False,False,False,False,False,False,False,False,False,False,False,False,False,False,False,False,False,False,True,False,False,False,False,False,False,False,False,False,False,False,False,False,False,False,False,False,False,False,False,False
0.8245502488559395,-0.18370413414358022,-0.8040270772695893,-0.17510104899311876,-0.8245502488559096,False,True,False,True,False,False,False,False,False,True,False,False,False,False,False,False,False,False,False,False,False,False,False,False,False,False,False,False,False,False,False,False,False,False,False,False,False,False,False,False,False,False,False,False,False,False,False
1.1703293854729337,-0.7835641848925338,-0.8194314920866415,-0.17510104899311876,-1.1703293854729038,False,True,True,True,False,False,False,False,False,False,False,False,False,False,False,False,False,False,False,False,False,False,False,False,False,False,False,False,False,False,False,False,False,False,False,False,False,False,False,False,False,False,False,False,False,False,True
0.4787711122389453,-0.08665075361304778,-0.02353672653894842,-0.17510104899311876,-0.4787711122389153,False,True,False,True,False,False,False,False,False,False,False,False,False,False,False,False,False,False,False,True,False,False,False,False,False,False,False,False,False,False,False,False,False,False,False,False,False,False,False,False,False,False,False,False,False,False,False
-0.5585662976120374,-0.18253481630586288,0.3728445407284978,-0.17510104899311876,0.5585662976120676,True,False,False,True,False,False,False,False,False,False,False,False,False,False,False,False,False,False,False,False,False,False,False,False,False,False,False,False,False,False,False,False,False,False,True,False,False,False,False,False,False,False,False,False,False,False,False
-2.979020253930997,0.6921149263066464,4.114499877716373,-0.17510104899311876,2.9790202539310275,True,False,False,True,False,False,False,False,False,False,False,False,False,False,False,False,False,False,False,False,False,False,False,False,False,False,False,False,True,False,False,False,False,False,False,False,False,False,False,False,False,False,False,False,False,False,False
0.8245502488559395,0.018587851781505522,-0.5369658723912957,-0.17510104899311876,-0.8245502488559096,False,True,False,True,False,False,False,False,False,False,False,False,False,False,False,False,False,False,False,False,False,False,False,False,False,False,False,False,False,True,False,False,False,False,False,False,False,False,False,False,False,False,False,False,False,False,False
1.1703293854729337,-0.7098971611163465,-0.6653873439161202,-0.17510104899311876,-1.1703293854729038,False,True,True,True,False,False,False,False,False,False,False,False,False,False,False,False,False,False,False,False,False,False,False,False,False,False,False,False,False,False,False,False,False,False,False,True,False,False,False,False,False,False,False,False,False,False,False
0.8245502488559395,0.7084853760346879,-0.665900824410022,-0.17510104899311876,-0.8245502488559096,False,True,False,True,False,False,False,False,False,False,False,False,True,False,False,False,False,False,False,False,False,False,False,False,False,False,False,False,False,False,False,False,False,False,False,False,False,False,False,False,False,False,False,False,False,False,False
0.4787711122389453,0.21737188419343947,-0.02353672653894842,-0.17510104899311876,-0.4787711122389153,False,True,False,True,False,False,False,False,False,False,False,False,False,False,False,False,False,False,False,False,False,False,False,False,False,False,False,False,False,False,False,False,False,False,False,False,False,False,False,False,False,False,True,False,False,False,False
0.4787711122389453,-0.0843121179376132,-0.1409440414695807,-0.17510104899311876,-0.4787711122389153,False,True,False,False,False,False,False,False,False,True,False,False,False,False,False,False,False,False,False,False,False,False,False,False,False,False,False,False,False,False,False,False,False,False,False,False,False,False,False,False,False,False,False,False,False,False,False
0.8245502488559395,0.4746218084912362,-0.07519286422546322,-0.17510104899311876,-0.8245502488559096,True,False,False,True,False,False,False,False,False,False,False,False,True,False,False,False,False,False,False,False,False,False,False,False,False,False,False,False,False,False,False,False,False,False,False,False,False,False,False,False,False,False,False,False,False,False,False
0.4787711122389453,0.8476341987230416,-0.6166066969954552,-0.17510104899311876,-0.4787711122389153,False,True,False,False,False,False,False,False,False,False,False,False,False,False,False,False,True,False,False,False,False,False,False,False,False,False,False,False,False,False,False,False,False,False,False,False,False,False,False,False,False,False,False,False,False,False,False
1.1703293854729337,1.8251839110546695,-0.6653873439161202,-0.17510104899311876,-1.1703293854729038,False,True,False,False,False,False,False,False,False,False,False,False,False,False,False,False,False,False,False,False,False,False,False,False,False,False,False,False,True,False,False,False,False,False,False,False,False,False,False,False,False,False,False,False,False,False,False
-0.9043454342290316,-0.8151357665108997,-0.049210751234035295,3.8522230778486133,0.9043454342290619,False,True,True,True,False,False,False,True,False,False,False,False,False,False,False,False,False,False,False,False,False,False,False,False,False,False,False,False,False,False,False,False,False,False,False,False,False,False,False,False,False,False,False,False,False,False,False
-1.2501245708460258,9.946096294001029,1.0547723106547002,-0.17510104899311876,1.2501245708460562,True,False,False,True,False,False,False,False,False,False,False,False,False,False,False,False,False,False,False,False,False,False,False,False,False,False,False,False,False,False,False,True,False,False,False,False,False,False,False,False,False,False,False,False,False,False,False
-0.9043454342290316,-0.08782007145076501,-0.13639973909855033,-0.17510104899311876,0.9043454342290619,False,True,False,True,False,False,False,False,False,False,False,False,False,False,False,False,False,False,False,False,False,False,False,False,False,False,True,False,False,False,False,False,False,False,False,False,False,False,False,False,False,False,False,False,False,False,False
0.1329919756219511,-0.7852012298653379,-0.35729904757507774,-0.17510104899311876,-0.13299197562192103,False,True,True,True,False,False,False,False,False,False,False,False,False,False,False,False,False,False,False,False,False,False,False,False,False,False,False,False,False,False,False,False,False,False,False,False,False,False,False,False,True,False,False,False,False,False,False
0.4787711122389453,0.2805150474301713,-0.5626912451357727,-0.17510104899311876,-0.4787711122389153,False,True,False,False,False,False,False,False,False,False,False,True,False,False,False,False,False,False,False,False,False,False,False,False,False,False,False,False,False,False,False,False,False,False,False,False,False,False,False,False,False,False,False,False,False,False,False
0.4787711122389453,-0.039878040104357394,0.3042435467432257,-0.17510104899311876,-0.4787711122389153,False,True,False,True,False,False,False,False,False,False,False,False,False,False,False,True,False,False,False,False,False,False,False,False,False,False,False,False,False,False,False,False,False,False,False,False,False,False,False,False,False,False,False,False,False,False,False
0.4787711122389453,0.33196503228973084,0.20752949571683343,-0.17510104899311876,-0.4787711122389153,True,False,False,True,False,False,False,False,False,False,False,True,False,False,False,False,False,False,False,False,False,False,False,False,False,False,False,False,False,False,False,False,False,False,False,False,False,False,False,False,False,False,False,False,False,False,False
0.1329919756219511,-0.7660244173267748,-0.305950998184904,-0.17510104899311876,-0.13299197562192103,False,True,True,True,False,False,False,True,False,False,False,False,False,False,False,False,False,False,False,False,False,False,False,False,False,False,False,False,False,False,False,False,False,False,False,False,False,False,False,False,False,False,False,False,False,False,False
1.1703293854729337,0.21737188419343947,-0.5626655711110776,-0.17510104899311876,-1.1703293854729038,False,True,False,True,False,False,False,False,False,False,False,False,False,False,False,False,False,False,False,False,False,False,False,False,False,False,False,False,False,False,False,False,False,False,False,False,False,False,False,False,False,False,True,False,False,False,False
-2.633241117314003,0.006894673404332875,0.3476069744532274,-0.17510104899311876,2.633241117314033,False,True,False,True,False,False,False,False,False,False,False,False,True,False,False,False,False,False,False,False,False,False,False,False,False,False,False,False,False,False,False,False,False,False,False,False,False,False,False,False,False,False,False,False,False,False,False
-0.5585662976120374,-0.784733502730251,-0.806594479739098,-0.17510104899311876,0.5585662976120676,False,True,True,True,False,False,False,False,False,False,False,False,False,False,False,False,False,False,False,False,False,False,False,False,False,False,False,False,False,False,False,False,False,False,False,False,False,False,False,False,False,False,False,False,False,False,True
1.1703293854729337,1.4299544819062362,-0.5626912451357727,-0.17510104899311876,-1.1703293854729038,True,False,False,False,False,False,False,False,False,False,False,False,False,False,False,False,False,False,False,False,False,False,False,False,False,False,False,False,True,False,False,False,False,False,False,False,False,False,False,False,False,False,False,False,False,False,False
1.1703293854729337,1.2978215662441863,-0.72443760071482,-0.17510104899311876,-1.1703293854729038,False,True,False,True,False,False,False,False,False,False,False,False,False,True,False,False,False,False,False,False,False,False,False,False,False,False,False,False,False,False,False,False,False,False,False,False,False,False,False,False,False,False,False,False,False,False,False
1.1703293854729337,0.0653605652901958,-0.8596113407344524,-0.17510104899311876,-1.1703293854729038,False,True,False,True,False,False,False,False,False,False,False,False,False,False,False,False,False,False,False,False,False,False,False,False,False,False,True,False,False,False,False,False,False,False,False,False,False,False,False,False,False,False,False,False,False,False,False
1.1703293854729337,-0.2468472973803122,0.04034024690242772,-0.17510104899311876,-1.1703293854729038,False,True,False,True,False,False,False,False,False,False,False,False,False,False,False,False,False,True,False,False,False,False,False,False,False,False,False,False,False,False,False,False,False,False,False,False,False,False,False,False,False,False,False,False,False,False,False
-1.9416828440800142,-0.045724629292943665,0.5412918167529628,-0.17510104899311876,1.9416828440800447,False,True,False,True,False,False,False,False,False,False,False,False,False,False,False,False,False,False,False,False,False,False,False,False,False,False,False,False,False,False,False,False,False,False,False,False,False,False,False,True,False,False,False,False,False,False,False
-1.59590370746302,1.2943136127310344,0.6439879155333103,-0.17510104899311876,1.5959037074630504,False,True,False,True,False,False,False,False,False,False,False,False,False,True,False,False,False,False,False,False,False,False,False,False,False,False,False,False,False,False,False,False,False,False,False,False,False,False,False,False,False,False,False,False,False,False,False
0.8245502488559395,-0.363779081152038,-0.5626912451357727,-0.17510104899311876,-0.8245502488559096,False,True,False,True,False,False,False,False,False,False,False,False,False,False,False,False,False,True,False,False,False,False,False,False,False,False,False,False,False,False,False,False,False,False,False,False,False,False,False,False,False,False,False,False,False,False,False
0.8245502488559395,-0.780056231379382,-0.5626912451357727,-0.17510104899311876,-0.8245502488559096,False,True,True,True,False,False,False,False,False,False,False,False,False,False,False,False,False,False,False,False,False,False,False,True,False,False,False,False,False,False,False,False,False,False,False,False,False,False,False,False,False,False,False,False,False,False,False
1.1703293854729337,-0.12289960658228274,-0.5318824155016685,-0.17510104899311876,-1.1703293854729038,False,True,True,True,False,False,False,False,False,False,False,False,False,False,False,False,False,False,False,False,False,False,False,False,False,False,False,False,False,False,False,False,False,False,False,False,False,False,True,False,False,False,False,False,False,False,False
0.1329919756219511,-0.08665075361304778,-0.1000709941550024,-0.17510104899311876,-0.13299197562192103,False,True,False,True,False,False,True,False,False,False,False,False,False,False,False,False,False,False,False,False,False,False,False,False,False,False,False,False,False,False,False,False,False,False,False,False,False,False,False,False,False,False,False,False,False,False,False
0.8245502488559395,-0.7835641848925338,-0.305950998184904,-0.17510104899311876,-0.8245502488559096,False,True,True,True,False,False,False,False,False,False,False,False,False,False,False,False,False,False,False,False,False,False,False,False,False,False,False,False,False,False,False,False,False,False,False,False,False,False,False,False,False,False,False,False,False,False,True
-2.633241117314003,-0.7940880454319891,1.4201907041398716,-0.17510104899311876,2.633241117314033,False,True,True,True,False,False,False,True,False,False,False,False,False,False,False,False,False,False,False,False,False,False,False,False,False,False,False,False,False,False,False,False,False,False,False,False,False,False,False,False,False,False,False,False,False,False,False
0.1329919756219511,-0.22813821197683604,-0.2546029487947303,-0.17510104899311876,-0.13299197562192103,False,True,False,True,False,False,False,False,False,False,False,False,False,False,False,False,False,False,False,False,False,False,False,False,False,False,False,False,False,False,False,False,False,False,True,False,False,False,False,False,False,False,False,False,False,False,False
0.4787711122389453,0.2875309544564749,-0.4644110786029802,-0.17510104899311876,-0.4787711122389153,False,True,False,True,False,False,False,False,False,False,False,False,True,False,False,False,False,False,False,False,False,False,False,False,False,False,False,False,False,False,False,False,False,False,False,False,False,False,False,False,False,False,False,False,False,False,False
-1.2501245708460258,-0.004798504972839667,0.623525717851326,-0.17510104899311876,1.2501245708460562,False,True,False,True,False,False,False,False,False,False,False,False,False,False,False,False,False,False,False,False,False,False,False,False,False,False,False,False,False,True,False,False,False,False,False,False,False,False,False,False,False,False,False,False,False,False,False
1.1703293854729337,-0.6736483081471114,-0.8451055167817283,-0.17510104899311876,-1.1703293854729038,False,True,True,True,False,False,False,False,False,False,False,False,False,False,False,False,False,False,False,False,False,False,False,False,False,False,False,False,False,False,True,False,False,False,False,False,False,False,False,False,False,False,False,False,False,False,False
0.8245502488559395,0.7084853760346879,-0.19752959189755215,-0.17510104899311876,-0.8245502488559096,False,True,False,True,False,False,False,False,False,False,False,False,True,False,False,False,False,False,False,False,False,False,False,False,False,False,False,False,False,False,False,False,False,False,False,False,False,False,False,False,False,False,False,False,False,False,False
-0.5585662976120374,-0.25620184008205027,0.43025165994671205,-0.17510104899311876,0.5585662976120676,False,True,False,True,False,False,False,False,False,True,False,False,False,False,False,False,False,False,False,False,False,False,False,False,False,False,False,False,False,False,False,False,False,False,False,False,False,False,False,False,False,False,False,False,False,False,False
1.1703293854729337,-0.8221516735372033,-0.9144253834584629,-0.17510104899311876,-1.1703293854729038,False,True,True,False,True,False,False,False,False,False,False,False,False,False,False,False,False,False,False,False,False,False,False,False,False,False,False,False,False,False,False,False,False,False,False,False,False,False,False,False,False,False,False,False,False,False,False
0.8245502488559395,-0.6596164940945043,-0.8707795414768152,-0.17510104899311876,-0.8245502488559096,False,True,True,True,False,False,False,False,False,False,False,False,False,False,False,False,False,False,False,False,False,False,False,False,False,False,False,False,False,False,False,False,False,False,False,True,False,False,False,False,False,False,False,False,False,False,False
-3.6705785271649853,-0.6151824162612486,2.312799520713957,-0.17510104899311876,3.670578527165016,False,True,True,True,False,False,False,False,False,False,False,False,False,False,False,False,False,False,False,False,False,False,False,False,False,False,False,False,False,False,False,False,False,False,False,False,False,False,False,False,False,False,False,False,False,False,False
0.1329919756219511,3.323080061170478,1.0547723106547002,-0.17510104899311876,-0.13299197562192103,True,False,False,False,False,False,False,False,False,False,False,False,False,False,False,False,False,False,False,False,True,False,False,False,False,False,False,False,False,False,False,False,False,False,False,False,False,False,False,False,False,False,False,False,False,False,False
-0.5585662976120374,-0.7660244173267748,-0.6140392945259465,-0.17510104899311876,0.5585662976120676,False,True,True,True,False,False,False,True,False,False,False,False,False,False,False,False,False,False,False,False,False,False,False,False,False,False,False,False,False,False,False,False,False,False,False,False,False,False,False,False,False,False,False,False,False,False,False
0.8245502488559395,-0.363779081152038,-0.6435900969499915,-0.17510104899311876,-0.8245502488559096,False,True,False,True,False,False,False,False,False,False,False,False,False,False,False,False,False,True,False,False,False,False,False,False,False,False,False,False,False,False,False,False,False,False,False,False,False,False,False,False,False,False,False,False,False,False,False
0.4787711122389453,-0.21527571576194615,-0.22379411916062603,-0.17510104899311876,-0.4787711122389153,False,True,False,True,False,False,False,False,False,False,False,False,False,False,False,False,False,False,False,False,False,True,False,False,False,False,False,False,False,False,False,False,False,False,False,False,False,False,False,False,False,False,False,False,False,False,False
0.1329919756219511,-0.04806326496837824,-0.07488477592912217,-0.17510104899311876,-0.13299197562192103,False,True,False,True,False,False,False,False,False,False,False,False,False,False,False,False,False,False,False,False,False,False,False,False,False,False,False,False,False,False,False,False,False,False,False,False,False,False,False,False,False,False,False,False,False,True,False
0.4787711122389453,0.33196503228973084,0.3615736438873547,-0.17510104899311876,-0.4787711122389153,True,False,False,True,False,False,False,False,False,False,False,True,False,False,False,False,False,False,False,False,False,False,False,False,False,False,False,False,False,False,False,False,False,False,False,False,False,False,False,False,False,False,False,False,False,False,False
0.4787711122389453,-0.19188935900760096,0.5926398661431366,-0.17510104899311876,-0.4787711122389153,False,True,False,True,False,False,False,False,False,True,False,False,False,False,False,False,False,False,False,False,False,False,False,False,False,False,False,False,False,False,False,False,False,False,False,False,False,False,False,False,False,False,False,False,False,False,False
1.1703293854729337,-0.2035825373847736,-0.45999514635542527,-0.17510104899311876,-1.1703293854729038,False,True,False,True,False,False,False,False,False,True,False,False,False,False,False,False,False,False,False,False,False,False,False,False,False,False,False,False,False,False,False,False,False,False,False,False,False,False,False,False,False,False,False,False,False,False,False
-1.2501245708460258,-0.41990633736246635,0.19577079240648365,-0.17510104899311876,1.2501245708460562,False,True,False,True,False,True,False,False,False,False,False,False,False,False,False,False,False,False,False,False,False,False,False,False,False,False,False,False,False,False,False,False,False,False,False,False,False,False,False,False,False,False,False,False,False,False,False
-0.21278716099504313,0.21737188419343947,0.3102255944971809,-0.17510104899311876,0.21278716099507328,True,False,False,True,False,False,False,False,False,False,False,False,False,False,False,False,False,False,False,False,False,False,False,False,False,False,False,False,False,False,False,False,False,False,False,False,False,False,False,False,False,False,True,False,False,False,False
0.1329919756219511,-0.07846552874902693,0.1420607327443619,-0.17510104899311876,-0.13299197562192103,True,False,False,True,False,False,False,False,False,False,False,False,False,False,False,False,False,False,False,False,False,False,False,False,False,False,False,False,False,False,False,False,False,False,False,False,False,False,True,False,False,False,False,False,False,False,False
-0.5585662976120374,-0.6771562616602632,-0.6525503315685768,-0.17510104899311876,0.5585662976120676,False,True,True,True,False,False,False,False,False,False,False,False,False,False,False,False,False,False,False,False,False,False,False,False,False,False,False,False,False,False,False,False,False,False,False,True,False,False,False,False,False,False,False,False,False,False,False
0.1329919756219511,0.28168436526788854,0.20752949571683343,-0.17510104899311876,-0.13299197562192103,True,False,False,True,False,False,False,False,False,False,False,False,False,False,False,False,False,False,True,False,False,False,False,False,False,False,False,False,False,False,False,False,False,False,False,False,False,False,False,False,False,False,False,False,False,False,False
0.4787711122389453,-0.363779081152038,-0.22168884913562892,-0.17510104899311876,-0.4787711122389153,False,True,False,True,False,False,False,False,False,False,False,False,False,False,False,False,False,True,False,False,False,False,False,False,False,False,False,False,False,False,False,False,False,False,False,False,False,False,False,False,False,False,False,False,False,False,False
0.8245502488559395,-0.8186437200240515,-0.5883652698308596,-0.17510104899311876,-0.8245502488559096,False,True,True,True,False,False,False,False,False,False,False,False,False,False,False,False,False,False,False,False,False,False,True,False,False,False,False,False,False,False,False,False,False,False,False,False,False,False,False,False,False,False,False,False,False,False,False
-0.5585662976120374,0.21737188419343947,0.5926398661431366,-0.17510104899311876,0.5585662976120676,True,False,False,True,False,False,False,False,False,False,False,False,False,False,False,False,False,False,False,False,False,False,False,False,False,False,False,False,False,False,False,False,False,False,False,False,False,False,False,False,False,False,True,False,False,False,False
0.4787711122389453,0.7084853760346879,-0.305950998184904,-0.17510104899311876,-0.4787711122389153,False,True,False,True,False,False,False,False,False,False,False,False,True,False,False,False,False,False,False,False,False,False,False,False,False,False,False,False,False,False,False,False,False,False,False,False,False,False,False,False,False,False,False,False,False,False,False
-0.21278716099504313,-0.7414687427347124,-0.12623282531929592,-0.17510104899311876,0.21278716099507328,False,True,True,True,False,False,False,False,False,False,False,False,False,False,False,False,False,False,False,False,False,False,False,True,False,False,False,False,False,False,False,False,False,False,False,False,False,False,False,False,False,False,False,False,False,False,False
0.4787711122389453,3.323080061170478,0.25887754510700717,-0.17510104899311876,-0.4787711122389153,True,False,False,False,False,False,False,False,False,False,False,False,False,False,False,False,False,False,False,False,True,False,False,False,False,False,False,False,False,False,False,False,False,False,False,False,False,False,False,False,False,False,False,False,False,False,False
-0.21278716099504313,-0.7897615694324353,-0.5370172204406859,-0.17510104899311876,0.21278716099507328,False,True,True,True,False,False,False,False,False,False,False,False,False,False,False,False,False,False,False,False,False,False,True,False,False,False,False,False,False,False,False,False,False,False,False,False,False,False,False,False,False,False,False,False,False,False,False
1.1703293854729337,-0.780056231379382,-0.6653873439161202,-0.17510104899311876,-1.1703293854729038,False,True,True,True,False,False,False,False,False,False,False,False,False,False,False,False,False,False,False,False,False,False,False,True,False,False,False,False,False,False,False,False,False,False,False,False,False,False,False,False,False,False,False,False,False,False,False
0.4787711122389453,-0.16850300225325587,-0.1409440414695807,-0.17510104899311876,-0.4787711122389153,False,True,False,True,False,False,False,False,False,True,False,False,False,False,False,False,False,False,False,False,False,False,False,False,False,False,False,False,False,False,False,False,False,False,False,False,False,False,False,False,False,False,False,False,False,False,False
0.8245502488559395,0.1577366744698593,-0.4273121129185797,-0.17510104899311876,-0.8245502488559096,True,False,False,True,False,False,False,False,False,False,False,True,False,False,False,False,False,False,False,False,False,False,False,False,False,False,False,False,False,False,False,False,False,False,False,False,False,False,False,False,False,False,False,False,False,False,False
-0.9043454342290316,0.5775217782103551,0.20752949571683343,-0.17510104899311876,0.9043454342290619,True,False,False,True,False,False,False,False,False,False,False,False,False,True,False,False,False,False,False,False,False,False,False,False,False,False,False,False,False,False,False,False,False,False,False,False,False,False,False,False,False,False,False,False,False,False,False
1.1703293854729337,0.13551963555323127,-0.4035122920262341,-0.17510104899311876,-1.1703293854729038,False,True,False,True,False,False,False,False,False,False,False,False,False,False,False,False,False,False,False,False,False,False,False,False,False,False,False,False,False,True,False,False,False,False,False,False,False,False,False,False,False,False,False,False,False,False,False
0.1329919756219511,-0.06911098604728885,0.20752949571683343,-0.17510104899311876,-0.13299197562192103,True,False,False,True,False,False,False,False,False,False,False,False,False,False,False,False,False,False,False,True,False,False,False,False,False,False,False,False,False,False,False,False,False,False,False,False,False,False,False,False,False,False,False,False,False,False,False
0.1329919756219511,0.5260717933507956,-0.5626912451357727,-0.17510104899311876,-0.13299197562192103,False,True,False,False,False,False,False,False,False,False,False,True,False,False,False,False,False,False,False,False,False,False,False,False,False,False,False,False,False,False,False,False,False,False,False,False,False,False,False,False,False,False,False,False,False,False,False
1.1703293854729337,0.21737188419343947,-0.5590712076537655,-0.17510104899311876,-1.1703293854729038,False,True,False,True,False,False,False,False,False,False,False,False,False,False,False,False,False,False,False,False,False,False,False,False,False,False,False,False,False,False,False,False,False,False,False,False,False,False,False,False,False,False,True,False,False,False,False
1.1703293854729337,-0.8186437200240515,-0.7270050031843287,-0.17510104899311876,-1.1703293854729038,False,True,True,True,False,False,False,False,False,False,False,False,False,False,False,False,False,False,False,False,False,False,False,True,False,False,False,False,False,False,False,False,False,False,False,False,False,False,False,False,False,False,False,False,False,False,False
0.1329919756219511,-0.4163983838493146,0.25132938184665166,-0.17510104899311876,-0.13299197562192103,False,True,False,True,False,True,False,False,False,False,False,False,False,False,False,False,False,False,False,False,False,False,False,False,False,False,False,False,False,False,False,False,False,False,False,False,False,False,False,False,False,False,False,False,False,False,False
-1.59590370746302,-0.6771562616602632,0.07915937224139907,-0.17510104899311876,1.5959037074630504,False,True,True,True,False,False,False,False,False,False,False,False,False,False,False,False,False,False,False,False,False,False,False,False,False,False,False,False,False,False,False,False,False,False,False,True,False,False,False,False,False,False,False,False,False,False,False
0.4787711122389453,0.7084853760346879,-0.3110858031239214,-0.17510104899311876,-0.4787711122389153,False,True,False,True,False,False,False,False,False,False,False,False,True,False,False,False,False,False,False,False,False,False,False,False,False,False,False,False,False,False,False,False,False,False,False,False,False,False,False,False,False,False,False,False,False,False,False
0.1329919756219511,0.10044010042171363,0.2095320696430502,-0.17510104899311876,-0.13299197562192103,False,True,False,True,False,False,False,False,False,False,False,False,False,False,False,False,False,False,False,False,False,False,False,False,False,False,False,False,False,False,False,False,False,False,False,False,False,False,False,False,False,False,True,False,False,False,False
1.1703293854729337,-0.8221516735372033,-0.8374033093732023,-0.17510104899311876,-1.1703293854729038,False,True,True,False,False,False,False,False,False,False,False,False,False,False,False,False,False,False,False,False,False,False,False,True,False,False,False,False,False,False,False,False,False,False,False,False,False,False,False,False,False,False,False,False,False,False,False
-0.21278716099504313,-0.36611771682747246,0.5125112350697704,-0.17510104899311876,0.21278716099507328,False,True,False,True,False,False,False,False,False,False,False,False,False,False,False,False,False,False,False,False,False,False,False,False,False,False,False,False,False,False,False,False,False,False,False,False,False,False,False,False,False,False,False,False,True,False,False
0.4787711122389453,-0.2035825373847736,0.07974987480938607,-0.17510104899311876,-0.4787711122389153,False,True,False,True,False,False,True,False,False,False,False,False,False,False,False,False,False,False,False,False,False,False,False,False,False,False,False,False,False,False,False,False,False,False,False,False,False,False,False,False,False,False,False,False,False,False,False
0.1329919756219511,-0.6011506022086414,-0.7680834426964678,-0.17510104899311876,-0.13299197562192103,False,True,True,True,False,False,False,False,False,False,False,False,False,False,False,False,False,False,False,False,False,False,False,False,False,False,False,False,False,False,True,False,False,False,False,False,False,False,False,False,False,False,False,False,False,False,False
1.1703293854729337,2.0871111067033357,-0.5626912451357727,-0.17510104899311876,-1.1703293854729038,True,False,False,False,False,False,False,False,False,False,False,False,False,False,False,False,False,False,False,False,False,False,False,False,False,False,False,False,True,False,False,False,False,False,False,False,False,False,False,False,False,False,False,False,False,False,False
0.4787711122389453,-0.21527571576194615,-0.4054378438783657,-0.17510104899311876,-0.4787711122389153,True,False,False,True,False,False,False,False,False,False,False,False,False,False,False,False,False,False,False,False,False,True,False,False,False,False,False,False,False,False,False,False,False,False,False,False,False,False,False,False,False,False,False,False,False,False,False
1.1703293854729337,-0.21527571576194615,-0.4313942828450985,-0.17510104899311876,-1.1703293854729038,False,True,False,True,False,False,False,False,False,False,False,False,False,False,False,False,False,False,False,False,False,True,False,False,False,False,False,False,False,False,False,False,False,False,False,False,False,False,False,False,False,False,False,False,False,False,False
0.8245502488559395,0.0384662550226989,-0.3181718339397654,-0.17510104899311876,-0.8245502488559096,False,True,False,False,False,False,False,False,True,False,False,False,False,False,False,False,False,False,False,False,False,False,False,False,False,False,False,False,False,False,False,False,False,False,False,False,False,False,False,False,False,False,False,False,False,False,False
-0.5585662976120374,0.21737188419343947,-0.11796578936747794,-0.17510104899311876,0.5585662976120676,True,False,False,True,False,False,False,False,False,False,False,False,False,False,False,False,False,False,False,False,False,False,False,False,False,False,False,False,False,False,False,False,False,False,False,False,False,False,False,False,False,False,True,False,False,False,False
0.8245502488559395,0.10044010042171363,-0.6397133192210334,-0.17510104899311876,-0.8245502488559096,False,True,False,True,False,False,False,False,False,False,False,False,False,False,False,False,False,False,False,False,False,False,False,False,False,False,False,False,False,True,False,False,False,False,False,False,False,False,False,False,False,False,False,False,False,False,False
0.8245502488559395,0.04197420853585071,-0.21432040404813898,-0.17510104899311876,-0.8245502488559096,False,True,False,True,False,False,False,False,False,False,False,False,False,False,False,False,False,False,False,False,False,False,False,False,False,False,False,False,False,True,False,False,False,False,False,False,False,False,False,False,False,False,False,False,False,False,False
-1.2501245708460258,-0.08782007145076501,0.5412918167529628,3.8522230778486133,1.2501245708460562,True,False,False,True,False,False,False,False,False,False,False,False,False,False,False,False,False,False,False,False,False,False,False,False,False,False,True,False,False,False,False,False,False,False,False,False,False,False,False,False,False,False,False,False,False,False,False
-1.59590370746302,-0.03870872226664016,1.0400610945044155,-0.17510104899311876,1.5959037074630504,False,True,False,True,False,False,False,False,False,False,False,False,False,False,False,True,False,False,False,False,False,False,False,False,False,False,False,False,False,False,False,False,False,False,False,False,False,False,False,False,False,False,False,False,False,False,False
0.4787711122389453,0.019757169619222754,-0.28361459670017847,-0.17510104899311876,-0.4787711122389153,False,True,False,True,False,False,False,False,False,False,False,False,False,False,False,False,False,False,True,False,False,False,False,False,False,False,False,False,False,False,False,False,False,False,False,False,False,False,False,False,False,False,False,False,False,False,False
0.8245502488559395,2.0871111067033357,-0.20325489940455654,-0.17510104899311876,-0.8245502488559096,True,False,False,False,False,False,False,False,False,False,False,False,False,False,False,False,False,False,False,False,False,False,False,False,False,False,False,False,True,False,False,False,False,False,False,False,False,False,False,False,False,False,False,False,False,False,False
0.4787711122389453,-0.06326439685870258,0.07982689688347133,-0.17510104899311876,-0.4787711122389153,False,True,False,True,False,False,True,False,False,False,False,False,False,False,False,False,False,False,False,False,False,False,False,False,False,False,False,False,False,False,False,False,False,False,False,False,False,False,False,False,False,False,False,False,False,False,False
-0.5585662976120374,-0.08782007145076501,0.390636639842193,-0.17510104899311876,0.5585662976120676,True,False,False,True,False,False,False,False,False,False,False,False,False,False,False,False,False,False,False,False,False,False,False,False,False,False,True,False,False,False,False,False,False,False,False,False,False,False,False,False,False,False,False,False,False,False,False
0.1329919756219511,-0.08665075361304778,-0.5241802080931425,-0.17510104899311876,-0.13299197562192103,False,True,False,True,False,False,False,False,False,True,False,False,False,False,False,False,False,False,False,False,False,False,False,False,False,False,False,False,False,False,False,False,False,False,False,False,False,False,False,False,False,False,False,False,False,False,False
-0.9043454342290316,-0.3439006779108446,0.42473174463726837,-0.17510104899311876,0.9043454342290619,False,True,False,True,False,False,False,False,False,False,False,False,False,False,False,False,False,False,False,False,False,False,False,False,False,True,False,False,False,False,False,False,False,False,False,False,False,False,False,False,False,False,False,False,False,False,False
-1.2501245708460258,-0.7707016886776439,-0.2546029487947303,-0.17510104899311876,1.2501245708460562,False,True,True,True,False,False,False,True,False,False,False,False,False,False,False,False,False,False,False,False,False,False,False,False,False,False,False,False,False,False,False,False,False,False,False,False,False,False,False,False,False,False,False,False,False,False,False
-0.5585662976120374,-0.567240384914841,0.3358996191922678,-0.17510104899311876,0.5585662976120676,False,True,False,True,False,False,False,False,False,False,False,False,False,False,False,False,False,False,False,False,False,False,False,False,False,False,False,False,False,False,False,False,False,True,False,False,False,False,False,False,False,False,False,False,False,False,False
-0.5585662976120374,0.21737188419343947,-0.02353672653894842,-0.17510104899311876,0.5585662976120676,False,True,False,True,False,False,False,False,False,False,False,False,False,False,False,False,False,False,False,False,False,False,False,False,False,False,False,False,False,False,False,False,False,False,False,False,False,False,False,False,False,False,True,False,False,False,False
0.4787711122389453,-0.7835641848925338,0.5412918167529628,-0.17510104899311876,-0.4787711122389153,False,True,True,True,False,False,False,False,False,False,False,False,False,False,False,False,False,False,False,False,False,False,False,False,False,False,False,False,False,False,False,False,False,False,False,False,False,False,False,False,False,False,False,False,False,False,True
-2.2874619806970085,-0.7940880454319891,0.3102255944971809,3.8522230778486133,2.287461980697039,False,True,True,True,False,False,False,False,False,False,False,False,False,False,False,False,False,False,False,False,False,False,True,False,False,False,False,False,False,False,False,False,False,False,False,False,False,False,False,False,False,False,False,False,False,False,False
0.1329919756219511,0.006894673404332875,1.0453242695669083,-0.17510104899311876,-0.13299197562192103,True,False,False,True,False,False,False,False,False,False,False,False,False,False,False,False,False,False,False,False,False,False,False,False,False,False,True,False,False,False,False,False,False,False,False,False,False,False,False,False,False,False,False,False,False,False,False
-0.21278716099504313,0.2758377760793024,0.5079412586740449,-0.17510104899311876,0.21278716099507328,False,True,False,True,False,False,False,False,False,False,False,False,True,False,False,False,False,False,False,False,False,False,False,False,False,False,False,False,False,False,False,False,False,False,False,False,False,False,False,False,False,False,False,False,False,False,False
-0.9043454342290316,-0.39651998060812116,-0.8142966871476242,-0.17510104899311876,0.9043454342290619,False,True,False,True,False,False,False,False,False,False,False,False,False,False,False,False,False,False,False,False,False,False,False,False,False,False,False,False,False,False,False,False,False,False,False,False,False,False,False,False,False,False,False,False,True,False,False
-0.21278716099504313,-0.7063892076031947,-0.5626912451357727,-0.17510104899311876,0.21278716099507328,False,True,True,True,False,False,False,False,False,False,False,False,False,False,False,False,False,False,False,False,False,False,False,False,False,False,False,False,False,False,False,False,False,False,False,True,False,False,False,False,False,False,False,False,False,False,False
-2.979020253930997,0.31208662904853746,1.3628606069957427,-0.17510104899311876,2.9790202539310275,False,True,True,True,False,False,False,False,False,False,False,False,False,False,False,False,False,False,False,False,False,False,False,False,False,False,False,False,True,False,False,False,False,False,False,False,False,False,False,False,False,False,False,False,False,False,False
0.4787711122389453,-0.7952573632697063,-0.8194314920866415,-0.17510104899311876,-0.4787711122389153,False,True,True,True,False,False,False,True,False,False,False,False,False,False,False,False,False,False,False,False,False,False,False,False,False,False,False,False,False,False,False,False,False,False,False,False,False,False,False,False,False,False,False,False,False,False,False
-0.21278716099504313,0.23374233392148094,0.15618144632665967,-0.17510104899311876,0.21278716099507328,True,False,False,True,False,False,False,False,False,False,False,False,False,False,False,False,False,False,False,False,False,False,False,False,False,False,False,False,False,False,False,False,False,False,False,False,False,False,False,True,False,False,False,False,False,False,False
0.8245502488559395,-0.7707016886776439,-0.9349646032145325,-0.17510104899311876,-0.8245502488559096,False,True,True,True,False,False,False,True,False,False,False,False,False,False,False,False,False,False,False,False,False,False,False,False,False,False,False,False,False,False,False,False,False,False,False,False,False,False,False,False,False,False,False,False,False,False,False
0.4787711122389453,-0.6046585557217932,-0.3906752796786907,-0.17510104899311876,-0.4787711122389153,False,True,True,True,False,False,False,False,False,False,False,False,False,False,False,False,False,False,False,False,False,False,False,False,False,False,False,False,False,False,True,False,False,False,False,False,False,False,False,False,False,False,False,False,False,False,False
-0.5585662976120374,2.6974950179917445,1.740448488186385,-0.17510104899311876,0.5585662976120676,True,False,False,False,False,False,False,False,False,False,False,False,False,False,False,False,False,False,False,False,True,False,False,False,False,False,False,False,False,False,False,False,False,False,False,False,False,False,False,False,False,False,False,False,False,False,False
0.8245502488559395,-0.8186437200240515,-0.9349646032145325,-0.17510104899311876,-0.8245502488559096,False,True,True,False,True,False,False,False,False,False,False,False,False,False,False,False,False,False,False,False,False,False,False,False,False,False,False,False,False,False,False,False,False,False,False,False,False,False,False,False,False,False,False,False,False,False,False
0.4787711122389453,0.036127619347264335,0.07915937224139907,-0.17510104899311876,-0.4787711122389153,True,False,False,True,False,False,False,False,False,False,False,False,False,False,False,False,False,False,False,True,False,False,False,False,False,False,False,False,False,False,False,False,False,False,False,False,False,False,False,False,False,False,False,False,False,False,False
0.4787711122389453,-0.21527571576194615,-0.05442257824713793,-0.17510104899311876,-0.4787711122389153,False,True,False,False,False,False,False,False,False,False,False,False,False,False,False,False,False,False,False,False,False,True,False,False,False,False,False,False,False,False,False,False,False,False,False,False,False,False,False,False,False,False,False,False,False,False,False
-0.9043454342290316,0.023265123132374558,0.33584827114287763,-0.17510104899311876,0.9043454342290619,False,False,False,True,False,False,False,False,False,False,False,False,False,False,False,False,False,False,False,False,False,False,False,False,False,False,False,False,False,False,False,False,False,False,False,False,False,False,False,True,False,False,False,False,False,False,False
-2.979020253930997,0.7201785544118604,0.9777502365694396,-0.17510104899311876,2.9790202539310275,False,True,False,True,False,False,False,False,False,False,False,False,False,False,False,False,False,False,False,False,False,False,False,False,False,False,False,False,True,False,False,False,False,False,False,False,False,False,False,False,False,False,False,False,False,False,False
-0.21278716099504313,2.6974950179917445,2.5181917182746516,-0.17510104899311876,0.21278716099507328,True,False,True,False,False,False,False,False,False,False,False,False,False,False,False,False,False,False,False,False,True,False,False,False,False,False,False,False,False,False,False,False,False,False,False,False,False,False,False,False,False,False,False,False,False,False,False
0.8245502488559395,0.006894673404332875,-0.7680834426964678,-0.17510104899311876,-0.8245502488559096,False,True,False,True,False,False,False,False,False,False,False,False,False,False,False,False,False,False,False,False,False,False,False,False,False,False,True,False,False,False,False,False,False,False,False,False,False,False,False,False,False,False,False,False,False,False,False
0.4787711122389453,0.019757169619222754,-0.28027697348981717,-0.17510104899311876,-0.4787711122389153,False,True,False,True,False,False,False,False,False,False,False,False,False,False,False,False,False,False,True,False,False,False,False,False,False,False,False,False,False,False,False,False,False,False,False,False,False,False,False,False,False,False,False,False,False,False,False
0.1329919756219511,-0.09132802496391682,0.07915937224139907,-0.17510104899311876,-0.13299197562192103,False,True,False,True,False,False,False,False,False,False,False,False,False,False,False,False,False,False,False,True,False,False,False,False,False,False,False,False,False,False,False,False,False,False,False,False,False,False,False,False,False,False,False,False,False,False,False
-0.21278716099504313,-0.7964266811074235,-0.6397133192210334,-0.17510104899311876,0.21278716099507328,False,True,True,True,False,False,False,False,False,False,False,False,False,False,False,False,False,False,False,False,False,False,False,True,False,False,False,False,False,False,False,False,False,False,False,False,False,False,False,False,False,False,False,False,False,False,False
0.4787711122389453,0.6488501663111077,0.5945910920199631,-0.17510104899311876,-0.4787711122389153,True,False,False,True,False,False,False,False,False,False,False,False,True,False,False,False,False,False,False,False,False,False,False,False,False,False,False,False,False,False,False,False,False,False,False,False,False,False,False,False,False,False,False,False,False,False,False
0.1329919756219511,-0.7414687427347124,-0.3444620352275343,-0.17510104899311876,-0.13299197562192103,False,True,True,True,False,False,False,False,False,False,False,False,False,False,False,False,False,False,False,False,False,False,False,True,False,False,False,False,False,False,False,False,False,False,False,False,False,False,False,False,False,False,False,False,False,False,False
0.4787711122389453,0.7084853760346879,-0.07488477592912217,-0.17510104899311876,-0.4787711122389153,False,True,False,True,False,False,False,False,False,False,False,False,True,False,False,False,False,False,False,False,False,False,False,False,False,False,False,False,False,False,False,False,False,False,False,False,False,False,False,False,False,False,False,False,False,False,False
-0.5585662976120374,0.21737188419343947,0.8750541377890921,-0.17510104899311876,0.5585662976120676,True,False,False,True,False,False,False,False,False,False,False,False,False,False,False,False,False,False,False,False,False,False,False,False,False,False,False,False,False,False,False,False,False,False,False,False,False,False,False,False,False,False,True,False,False,False,False
-1.59590370746302,0.876867144665973,0.8493801130940053,-0.17510104899311876,1.5959037074630504,False,True,False,False,False,False,False,False,False,False,False,False,False,True,False,False,False,False,False,False,False,False,False,False,False,False,False,False,False,False,False,False,False,False,False,False,False,False,False,False,False,False,False,False,False,False,False
0.4787711122389453,2.6974950179917445,0.07915937224139907,-0.17510104899311876,-0.4787711122389153,True,False,False,False,False,False,False,False,False,False,False,False,False,False,False,False,False,False,False,False,True,False,False,False,False,False,False,False,False,False,False,False,False,False,False,False,False,False,False,False,False,False,False,False,False,False,False
-0.9043454342290316,-0.7590085103004713,-0.17758087470946965,-0.17510104899311876,0.9043454342290619,False,True,True,True,False,False,False,False,False,False,False,False,False,False,False,False,False,False,False,False,False,False,False,True,False,False,False,False,False,False,False,False,False,False,False,False,False,False,False,False,False,False,False,False,False,False,False
-0.5585662976120374,-0.8151357665108997,-0.305950998184904,3.8522230778486133,0.5585662976120676,False,True,True,True,False,False,False,True,False,False,False,False,False,False,False,False,False,False,False,False,False,False,False,False,False,False,False,False,False,False,False,False,False,False,False,False,False,False,False,False,False,False,False,False,False,False,False
1.1703293854729337,0.5798604138857896,-0.716735393306294,-0.17510104899311876,-1.1703293854729038,True,False,False,True,False,False,False,False,False,False,False,False,True,False,False,False,False,False,False,False,False,False,False,False,False,False,False,False,False,False,False,False,False,False,False,False,False,False,False,False,False,False,False,False,False,False,False
-2.979020253930997,-0.8151357665108997,0.46426974266770216,-0.17510104899311876,2.9790202539310275,False,True,True,True,False,False,False,False,False,False,False,False,False,False,False,False,False,False,False,False,False,False,True,False,False,False,False,False,False,False,False,False,False,False,False,False,False,False,False,False,False,False,False,False,False,False,False
0.4787711122389453,-0.8174744021863343,-0.7757856501049938,-0.17510104899311876,-0.4787711122389153,False,True,True,True,False,False,False,False,False,False,False,False,False,False,False,False,False,False,False,False,False,False,True,False,False,False,False,False,False,False,False,False,False,False,False,False,False,False,False,False,False,False,False,False,False,False,False
0.1329919756219511,3.323080061170478,0.10483339693648594,-0.17510104899311876,-0.13299197562192103,True,False,False,False,False,False,False,False,False,False,False,False,False,False,False,False,False,False,False,False,True,False,False,False,False,False,False,False,False,False,False,False,False,False,False,False,False,False,False,False,False,False,False,False,False,False,False
1.1703293854729337,0.20450938797854948,0.0021372981561384504,-0.17510104899311876,-1.1703293854729038,False,True,False,False,False,False,False,False,False,False,False,True,False,False,False,False,False,False,False,False,False,False,False,False,False,False,False,False,False,False,False,False,False,False,False,False,False,False,False,False,False,False,False,False,False,False,False
0.4787711122389453,0.7084853760346879,0.7980320637038315,-0.17510104899311876,-0.4787711122389153,True,False,False,True,False,False,False,False,False,False,False,False,False,False,True,False,False,False,False,False,False,False,False,False,False,False,False,False,False,False,False,False,False,False,False,False,False,False,False,False,False,False,False,False,False,False,False
-0.21278716099504313,0.2758377760793024,0.4448088319488263,-0.17510104899311876,0.21278716099507328,False,True,False,True,False,False,False,False,False,False,False,False,True,False,False,False,False,False,False,False,False,False,False,False,False,False,False,False,False,False,False,False,False,False,False,False,False,False,False,False,False,False,False,False,False,False,False
-0.9043454342290316,0.054836704750740484,0.3358996191922678,-0.17510104899311876,0.9043454342290619,False,True,False,False,False,False,False,False,False,False,False,False,False,False,False,False,False,False,False,False,False,False,False,False,False,False,False,False,False,False,False,False,False,False,False,False,False,False,False,True,False,False,False,False,False,False,False
-0.5585662976120374,-0.7660244173267748,-0.5755282574833162,-0.17510104899311876,0.5585662976120676,False,True,True,True,False,False,False,True,False,False,False,False,False,False,False,False,False,False,False,False,False,False,False,False,False,False,False,False,False,False,False,False,False,False,False,False,False,False,False,False,False,False,False,False,False,False,False
0.8245502488559395,0.10044010042171363,-0.8451055167817283,-0.17510104899311876,-0.8245502488559096,False,True,False,True,False,False,False,False,False,False,False,False,False,False,False,False,False,False,False,False,False,False,False,False,False,False,False,False,False,True,False,False,False,False,False,False,False,False,False,False,False,False,False,False,False,False,False
-0.21278716099504313,-0.8057812238091616,-0.3316250228799909,3.8522230778486133,0.21278716099507328,False,True,True,True,False,False,False,False,False,False,False,False,False,False,False,False,False,False,False,False,False,False,True,False,False,False,False,False,False,False,False,False,False,False,False,False,False,False,False,False,False,False,False,False,False,False,False
0.1329919756219511,-0.06326439685870258,-0.02215032920541373,-0.17510104899311876,-0.13299197562192103,False,True,False,True,False,False,True,False,False,False,False,False,False,False,False,False,False,False,False,False,False,False,False,False,False,False,False,False,False,False,False,False,False,False,False,False,False,False,False,False,False,False,False,False,False,False,False
0.8245502488559395,-0.8174744021863343,-0.15190685001438278,-0.17510104899311876,-0.8245502488559096,False,True,True,True,False,False,False,False,False,False,False,False,False,False,False,False,False,False,False,False,False,False,True,False,False,False,False,False,False,False,False,False,False,False,False,False,False,False,False,False,False,False,False,False,False,False,False
1.1703293854729337,-0.7707016886776439,-0.8579425291292718,-0.17510104899311876,-1.1703293854729038,False,True,True,True,False,False,False,True,False,False,False,False,False,False,False,False,False,False,False,False,False,False,False,False,False,False,False,False,False,False,False,False,False,False,False,False,False,False,False,False,False,False,False,False,False,False,False
-0.21278716099504313,-0.7660244173267748,0.20752949571683343,-0.17510104899311876,0.21278716099507328,False,True,True,True,False,False,False,True,False,False,False,False,False,False,False,False,False,False,False,False,False,False,False,False,False,False,False,False,False,False,False,False,False,False,False,False,False,False,False,False,False,False,False,False,False,False,False
1.1703293854729337,-0.6689710367962424,-0.9118579809889542,-0.17510104899311876,-1.1703293854729038,False,True,True,True,False,False,False,False,False,False,False,False,False,False,False,False,False,False,False,False,False,False,False,False,False,False,False,False,False,False,False,False,False,False,False,False,False,False,False,False,False,True,False,False,False,False,False
-0.21278716099504313,-0.17434959144184214,0.25887754510700717,-0.17510104899311876,0.21278716099507328,False,True,False,True,False,False,False,False,False,False,False,False,False,False,False,False,False,False,False,True,False,False,False,False,False,False,False,False,False,False,False,False,False,False,False,False,False,False,False,False,False,False,False,False,False,False,False
0.8245502488559395,-0.363779081152038,-0.6268763068734899,-0.17510104899311876,-0.8245502488559096,False,True,False,True,False,False,False,False,False,False,False,False,False,False,False,False,False,True,False,False,False,False,False,False,False,False,False,False,False,False,False,False,False,False,False,False,False,False,False,False,False,False,False,False,False,False,False
-0.21278716099504313,-0.7098971611163465,0.24604053275946375,-0.17510104899311876,0.21278716099507328,False,True,True,True,False,False,False,False,False,False,False,False,False,False,False,False,False,False,False,False,False,False,False,False,False,False,False,False,False,False,False,False,False,False,False,True,False,False,False,False,False,False,False,False,False,False,False
0.8245502488559395,-0.19188935900760096,-0.8075187446281211,-0.17510104899311876,-0.8245502488559096,False,True,False,True,False,False,False,False,False,True,False,False,False,False,False,False,False,False,False,False,False,False,False,False,False,False,False,False,False,False,False,False,False,False,False,False,False,False,False,False,False,False,False,False,False,False,False
1.1703293854729337,-0.21410639792422892,-0.8861839562938674,-0.17510104899311876,-1.1703293854729038,False,True,False,True,False,False,False,False,False,False,False,False,False,False,False,False,False,False,False,False,False,False,False,False,False,False,False,True,False,False,False,False,False,False,False,False,False,False,False,False,False,False,False,False,False,False,False
-1.9416828440800142,-0.7940880454319891,0.5926398661431366,-0.17510104899311876,1.9416828440800447,False,True,True,True,False,False,False,True,False,False,False,False,False,False,False,False,False,False,False,False,False,False,False,False,False,False,False,False,False,False,False,False,False,False,False,False,False,False,False,False,False,False,False,False,False,False,False
-0.21278716099504313,1.2943136127310344,0.4899694413874841,-0.17510104899311876,0.21278716099507328,False,True,False,True,False,False,False,False,False,False,False,False,False,True,False,False,False,False,False,False,False,False,False,False,False,False,False,False,False,False,False,False,False,False,False,False,False,False,False,False,False,False,False,False,False,False,False
0.8245502488559395,-0.7063892076031947,-0.4856691710505121,-0.17510104899311876,-0.8245502488559096,False,True,True,True,False,False,False,False,False,False,False,False,False,False,False,False,False,False,False,False,False,False,False,False,False,False,False,False,False,False,False,False,False,False,False,True,False,False,False,False,False,False,False,False,False,False,False
0.4787711122389453,0.2875309544564749,-0.23919853397767815,-0.17510104899311876,-0.4787711122389153,False,True,False,True,False,False,False,False,False,False,False,False,True,False,False,False,False,False,False,False,False,False,False,False,False,False,False,False,False,False,False,False,False,False,False,False,False,False,False,False,False,False,False,False,False,False,False
1.1703293854729337,-0.7098971611163465,-0.8425381143122197,-0.17510104899311876,-1.1703293854729038,False,True,True,True,False,False,False,False,False,False,False,False,False,False,False,False,False,False,False,False,False,False,False,False,False,False,False,False,False,False,False,False,False,False,False,True,False,False,False,False,False,False,False,False,False,False,False
